UNICEF,c00d5703d9024684c683a8d72ffc782df5e54048c1710504d6a9a31522e3d788
UNICEF,14d675df969fc20f39da5121fe1806e77f1abb55d8aab7eb2ee807b01a5f30ed
UNICEF,435f6009f1f9f00529b839bedb45ad17ecbe41624d1395739170552d7caf78ef
UNICEF,8ff446b8ec8f86c7d446c1da726c79b45bf687fee3c69a27756ebe12ba7366f7
UNICEF,ba042c84331319c45ad82f5207a5516a54678d8b96916d36349bcad9d2a103dc
UNICEF,917e81f82a9545041576b7db80f99d466c2cf338a07c6ddce04fd9bdb669b98e
UNICEF,26e71abe03a5c7a54347451633592be7d13e1436a97316052886838a7ed0d817
UNICEF,5095b88f353b4a2a49bed137a79a43469238ad7ef6f64c8fa7be9aded777f54f
UNICEF,8609b496812399a42cf1d9b44fa960f68ffb7add6849a3b0766db50e5883b2b5
UNICEF,8f9a6cfb9772894ce30450e5bba14ec01c21bf0577a1bc5f9e9d9b96accfe6ed
UNICEF,80f899b07f6dc18eb03921a281fcb2d7b44d315b976b2738ffe206e9977fed9b
UNICEF,d2138c7148f5ec265473848f525d935098933a0effae075c1deb509f6622c3f3
UNICEF,2ddeb5b13553c397d566f24773f3f1ca8fa1eb85585e241342473a799d82109a
UNICEF,4f12015f093ea6dc16353b3769031758e8d2ea01267eb24dcb8480f70ef31234
UNICEF,84ab5e162d76507afa885e0ca0174330b6462f3a61e175edb0e40e346cf01817
UNICEF,16fbb32998c6a583ed80be3399e30f1b5da9a7a9a84ec218f75e906a15aedfd9
UNICEF,ca853c79eeb766bc8a62e3b1696cb0237dc12f81a92eda38ffd485c22754faec
UNICEF,679752bff482b1578c7639e8d7cc46b1c7492a0fd88d01f074f5c1ebf0b5e157
UNICEF,c701be86a5e3a0b985cbe088253de2d60f4b3d0fbd7f1b51f13456d713305c74
UNICEF,53817eb429c10436f9619435df6b4d1d9ddeaec1665637517306b1e4527c6480
UNICEF,473aba99ef8a886bc8a466c4c3e6f0815af75591a9093bc7486158dfdef3f403
UNICEF,cb98ac9aa130fe299bca367460e633ca060f862aadbf5d7a0a7a8f62c8148a54
UNICEF,a0eccd29c6779ba2c00f69bea8c41caaba1e5caadd10670c1c981aca460ba140
UNICEF,54c8c77ea651cb631a0848035fb2e85197e6186cf777aff0a33b0fa38686c67e
UNICEF,5d39e0761f9f80cb1833259098f14e96b34fca68c8fa2e25a6962547e11c8a45
UNICEF,c4b3b71f8fcf69dd954c2a096544ffc9ef317cf123abe7859cd4b0c98feba342
UNICEF,5fa7f5d0f1f08f79708627554bb3f7fbfdea1604a16308afe0cc7e4a0d6adf50
UNICEF,06186ff84ac84a438a5efc085dcde6cf8c442f7bfe141d8810f598ab7e914807
UNICEF,39f0123f9ab53c4e655860a7932a8df15043f22f5c75e8489ec553b027634798
UNICEF,cecbe53bdbcbe06b8f18c60fc10d7b5e0aedb25ecca29a57b040eadd19f4a7bd
UNICEF,3244edc0bd526a75b739b8f3df1de4d6198b4642c71509faf77686f7bf1441c6
UNICEF,7a7109a2137a81b236c080fd86ea5ed0d1cfc7e455e11ec9f835dd68e82c86a7
UNICEF,95301a3275b2d1f656c19fb6b9aecfe168da30fac9be153b54b017dd7ac5df1b
UNICEF,b5a17b185a2be9d248e764e3478478fdbbad04a5922728427a207830fb8a78c3
UNICEF,2d627632870480072873a1ec4a7ee3ce93ed3981ef3ec61f8c137c3ba320897c
UNICEF,52eb55a00e9c99902c77a81091e85b2051107a26a270d68e62f0b003ef18ca52
UNICEF,ac1f793d635e84debb7631c577b00edfca2b3c3c2d2cbe79236aa258d80a8241
UNICEF,d2f876b2f592eaa0860be6be2ed353378dd6cab60c8fe65189a30ddf1a1a670b
UNICEF,c9fc50f0fd0a6a51074eabac7c6c10dba06dbd8d37719b3ea778f08b1a6b433c
UNICEF,5aaa5153d622b47da3aa111be56b166a8ff29e763b595e7367a2fe34b9ed9082
UNICEF,de92a3d76adf0c7a6da8a468830ae5308d1af2f2172376379eba1e8db46a81a9
UNICEF,75a778933147f61eb10cfc9caad84b1eeae2d47e5f631604390b7242ad7b805a
UNICEF,358c41e5234638f656f517771ac02e7786a3901db3c3f5abc42145445031ed83
UNICEF,d0f300f4006304a86c4e07d742ed6c670ae4b69e3fb967d831b5b05b78504217
UNICEF,bdfa61eaaf809be05d4f8254ae33e67a094962f01a94285bb2b9149eb9ba5fdb
UNICEF,a12e3967ec36d99fd8c5a8c15a17fed60b1d5d90d2dbf639c8e323ef2e21b373
UNICEF,8668f1bd2237be79dac23d6c9b9db3a3c89f3b8b105e4728a425455da052f00c
UNICEF,83e6fe22deb6199e0c9779b8d7e633f5f91d5131291dbf67d281942352f0b0d6
UNICEF,787f8200bff5be0b9e3983f2519f15010109bad9e780e46de7db84f723c3a683
UNICEF,2b1a759ea499937bac9e8b4242fcee8974a2257b3371918a69440bc5f86aa472
UNICEF,39905e01d76f729de27452fd800ac1fdf87f79b66cae788fc5bd9df142bff372
UNICEF,30c721c9923cef5b7a6d8ed3634af0fdfaf93759efbb04eb8143555e44c67122
UNICEF,9ef6473993183d063d79938f1e9f366801982523f46ab90aacee34380aa71f8a
UNICEF,6b16ffb4e75c7280769b85263cea7c8399f44043801e72825d06c4ca9c10b0f0
UNICEF,45d273eded5e42f62250ab7f2800b8c19e6de9da8ce32c9420e83a84cc41a848
UNICEF,8010e2eee4e58e48a2466ef6beb3ed7017f121e0d582939b4069400a6234cdab
UNICEF,1866387568c4e2136b8eedb4f7a8a22df4c8ec35f66cb36bdb4971105e44c703
UNICEF,a1cd14194c98231e0aa167ac466275688ceca04fc7ec6687170c6c2234e374cc
UNICEF,27c012132229e19626400988449f97937ce89a427dd16798eac64ab7721111ae
UNICEF,b97db5944b8b499a74f5f0308b9014c62dd5246bfa35e7c74391c0c1c2f8d1b7
UNICEF,41a2722ef14ec15c4adfc7dae882316a86347aed88dbc62b9f26b98b574a77af
UNICEF,0c333e2a4647edfd29c178d7618a5fe248854ac8886e2e92e101df4e1bb604c2
UNICEF,c37a952baee99af4d16c2eb01d2b03f3eacbbf57d779d825849ce5d7568eb0de
UNICEF,b3822ed0fff8e8e477e14481b9921f656ea0e952d2bf88f6f73483217da279ce
UNICEF,373052eca326f3ea7e0c2353bcf6d1c9eaaf93510e3201b1a904a2f92eba30bf
UNICEF,d509131161be5662e97bf7a4196852da63c07dfc095fca7f6f9be0c2b153ddc5
UNICEF,ddd68975bc003b73085277e431640cb2ac5f50872f7c6ad4c8f88d51302442dd
UNICEF,1954f97cddec3c0e8bbbcab0789de3cbb3b49ef0a2c061b9e38ecbfb2ae72730
UNICEF,49495a22e7f3aa25fecfb801d35be80106207dd285cd89455de502a1f006ef59
UNICEF,cc514f1f181fd107e46e91a5e35c15f514542c0c79c825475823a5115d50e61b
UNICEF,e95a5a8256eb6f8ecb358c433ea1d9c433a291482008861ccbd069fd056885b5
UNICEF,645f6118addc0e4cebcf98325962eb6ea299b2de3b63c0181590fddefc6d3dc4
UNICEF,386db36caf38cbdeebe231714b7d0ea1e6d38f11da0b9d464e29ade387029488
UNICEF,014dfc680e6c2170831291967807dd712637e1a1b105cec721a84b14b4d77d81
UNICEF,028e8f1864d795cc98bd7787c0120bc69313a74855a009247e7db0c6e9865a1a
UNICEF,8837d1deb845e885455eee4b44ef2d7a455560769ec56baecaa1a047e7df7ae7
UNICEF,7c272f28342beb5dfb7e8f2d6e5e15cb752df09123a292e1776580907c39f433
UNICEF,0e03ec711ba62bbed2c8e368b79d5d8bcfdf759aaa7c1ff50e04e1841e4b27e3
UNICEF,53d4b29d6d42fb9ec9f7438d56a251406fbedb94a8973f85cc40c45d3c531966
UNICEF,16ced91084623a48117c3158209ee302dc3e095029a6c5fe859f89de17a42ae4
UNICEF,2bb82cd676b29204f87be5320eeb4470e988d1a99eaf2bc79abd051be18ef449
UNICEF,214c53b37de01f037dd0306a2faba78c1a92613a9e54c8b5a837eeaac52c6dee
UNICEF,a6c8c00ea61d03fc508d7488d736b22b7c7863348421492e30ec926ba5c7f743
UNICEF,9b3470e5487b635a2a0f875e7975d077df17f9ce6de4e4ff9442df6e7d898543
