IUCN,3c1277f45442e17a4b9d85171aa419e48868bdd479e4624d7f68cb20530668c6
IUCN,4cbd45deea2f75967179137748ad083506e733f8db79bdcff5198c3a14d0b271
IUCN,3361f44081f3ae46cc1306c2c581835d28cc57841009c9689d4ce912e568fd80
IUCN,f9ced7bada113a1aa7c13d0b809fef709a205dab8c4e1aa3edddbd191c761374
IUCN,c257060ccd74162a83efcf9ab4c749e308f26b805b0f2ac7d94c73760fd2531d
IUCN,64c73acb41b60a9bbfb71b1ae655b7043feccb7ae32e8dfaf80bd574d688f59d
IUCN,fdf079077da6c8a9587b676c20ae0ba288bd08597f243c589a0a84d6bd928bcb
IUCN,8ce7a49f3ff8596983902b08264865001dc07c962ab04092bdec6cc5e806373d
IUCN,e8e227e6d701d4826321ed391d722a1ec8898bfae667cf0aab9b7b3af75d8d54
IUCN,102994c468a070e0bcc4b6d047d562bd9dc2d01e7396d5258f16482477d9e334
IUCN,f1863dc845df9c9892dc689d1a36ad0601b4919eab625ba7556b905b739f2dc2
IUCN,530029276fee3bae85f1591d2928f22d213e331640fc7631db7640b44a687b29
IUCN,ad017443b063a61752dacfa2999946c386e7a21204cf3648ca756910b1fe2565
IUCN,94e63bbeadb424d449d5a4e9b8d526a016e43abe1bd68d8f22688ed0ebd41d03
IUCN,ec6b3f2fba9d45724f1b4f38e2f1c4916c868067ddad7aca5aa4e53aa758ab37
IUCN,2a521c5600f9f680758337d0b6b54e2ce9afdfe1786629c4c088c6e6c7de19cd
IUCN,8b378fbe758e1b637a6bf03a120d2854a7ef575343e0eafb1b68b7b0b456e3f0
IUCN,228549d3d76181c65ae2d2a6667a10f2952ad05b71b1a8becb6dcff760d1ea3e
IUCN,db47099b00a0591bb7e86b2ba26d11167d8e7906e709e8a0a188ff145d2dddd2
IUCN,9aedc6d4b9d25327b0fb90c96e457811d7cc3b47cf25f464c121fe42b5e8c544
IUCN,9cc3cbf39421812cfa6779eb5717bd152b79729e6cfaa04b2dbd2fe133d34b17
IUCN,4bb28a80a1de609d2e13e74216ac9ce6ca106e1d96cc74c460d71e786d4ac0e8
IUCN,ed8b6052d6f99464860a2d82f1ef3cdc2591f937661d8f0d72c6b67985e0f7e0
IUCN,7fd7007673da4820bc154838f5ed94c4c14ddabcdf539fc1972c64936e8d349f
IUCN,af497a36dfbfb2d9500c7f7948a8693fb6a0be75f07bcb2338973fc6ec2e8384
IUCN,e61ecd27ec493cd95fd232f7059edcfa195ae35efcf3afcf03acabbc5f8c626d
IUCN,cf67d61a1e8e130952ddd797eeea7c033141b3994d4ac62d93ed8c29b23383df
IUCN,0e07db360784a40af78afb605d3468bf5166465085ec7a367f383a5cfc29ff7d
IUCN,7aebec9f547fdc3604922b4505207bf71d57158f1d47c5340a8a4ac6e61bb19a
IUCN,b8009f0e5240b544389b281e166fbbc77ed046b16e296781cd6e96c7c73c0fa6
IUCN,ce1e9d1fae184080182587e5f417a742b75c367b91ec7d33e99dc813c89b6a45
IUCN,0e203a81bb59e7f8c8d6f45bc13f148052da9eb46b83a2a5b466f2140d92283b
IUCN,41ab284c1c22ee50d067cc72ab8f8f93da760e844425eaa60081d9ed397d284f
IUCN,7599f1878e56d79de8c7566d5e74975d4d3e328e16a9491f08790072a8e3dea6
IUCN,6428e11475c50bb3b573ac3ad04c39a8200f862f2cd16914cdceefcc0a68c6ae
IUCN,969301c354b2ea740137ab07745de7a7221bd35f570d9d6abce026f80cf5ea8a
IUCN,51169a354ef640ec8b9865f4a7d0f745e2a2e9e7e238cb073cbe0b6f945161f5
IUCN,dcfdcd5edd1b1b2031726be99ca60baf24b2bd5f910052f5f12917c35f11e95c
IUCN,a285dab06205d9948a1cd6e6e05cb1b0724a809cc4487b4ea0f0c627cf01130a
IUCN,0cd88b7cdf98e384a66a3dd14ec1dc88f07a0bff6ed30684fa4b03e756618cd9
IUCN,aa2e2fc06b027a2234c65ff7b7b3095a9357cc32911d61c920eb54f07a000e12
IUCN,2b7d32c555d10a3666726df47e9fef60225eec6556dbc7bb16514fe8592429bf
IUCN,9e11d05c66a3c90795d9c1c7a86732575a3ed2b0d19052e7a480e1175c25e1ec
IUCN,35f29c433c17efaa6641bab6f61c8edd75d9ec9ae3429d4bd01c9c031082897a
IUCN,80793f64c3636a7fb30da5aa19d35c79e6de19d8b5bbee6a0a0de60e88815944
IUCN,79e8b9b7fc8aa2ae3a36390bc2c299c540b6a0bfbfb0973c9d571947b0a5933a
IUCN,8c21792ea1ef89037382a959984a8d0d042ca4b54de44816e2ad3c1c82020f4b
IUCN,bcf837c52c200244db300494fe3858106636732d0e2d9ee9fc884bdab7e93da0
IUCN,1e90ec556a74dafc0ebe3d4869784b0017e38d4fd2fd0c4b2117a79ffbb66152
IUCN,65863c3366281fde099248ea0f409b1d5f21a91dc9bfbd127f32b5c2fbbb9aa7
IUCN,74ff93fc3f00e3553cb4e1ddd0c437ca7a3d5324eb108567022c8e5e6906905d
IUCN,26923182d2f387280a2c9cf3586945aa04c29d1a3172e4490298f8225b2fce77
IUCN,9044a8662f56898366425127d2e9f0fbd345e272b07f7c0456d371a7d2d4d912
